Time,Header.seq,Header.stamp.secs,Header.stamp.nsecs,Header.frame_id,Latitude,Longitude,Altitude,HDOP,UTM_easting,UTM_northing,UTC,Zone,Letter
1675104943.5922122,61,68143,0,GPS1_Frame,42.33729833333334,-71.08982166666667,0.0,0.0,327839.3406960018,4689342.251322702,18:55:43,19,T
1675104944.292032,62,68144,0,GPS1_Frame,42.33729833333334,-71.08982166666667,29.299999237060547,0.800000011920929,327839.3406960018,4689342.251322702,18:55:44,19,T
1675104944.5911944,63,68144,0,GPS1_Frame,42.33729833333334,-71.08982166666667,0.0,0.0,327839.3406960018,4689342.251322702,18:55:44,19,T
1675104945.2912984,64,68145,0,GPS1_Frame,42.33729833333334,-71.08982166666667,29.299999237060547,0.800000011920929,327839.3406960018,4689342.251322702,18:55:45,19,T
1675104945.5910044,65,68145,0,GPS1_Frame,42.33729833333334,-71.08982166666667,0.0,0.0,327839.3406960018,4689342.251322702,18:55:45,19,T
1675104946.290055,66,68146,0,GPS1_Frame,42.33729833333334,-71.08982166666667,29.299999237060547,0.800000011920929,327839.3406960018,4689342.251322702,18:55:46,19,T
1675104947.0118399,67,68146,0,GPS1_Frame,42.33729833333334,-71.08982166666667,0.0,0.0,327839.3406960018,4689342.251322702,18:55:46,19,T
1675104947.2897,68,68147,0,GPS1_Frame,42.33729666666667,-71.08982166666667,29.399999618530273,0.800000011920929,327839.3361476759,4689342.066252057,18:55:47,19,T
1675104947.5893538,69,68147,0,GPS1_Frame,42.33729666666667,-71.08982166666667,0.0,0.0,327839.3361476759,4689342.066252057,18:55:47,19,T
1675104948.2908058,70,68148,0,GPS1_Frame,42.33729666666667,-71.08982166666667,29.399999618530273,0.800000011920929,327839.3361476759,4689342.066252057,18:55:48,19,T
1675104948.5910397,71,68148,0,GPS1_Frame,42.33729666666667,-71.08982166666667,0.0,0.0,327839.3361476759,4689342.066252057,18:55:48,19,T
1675104949.289523,72,68149,0,GPS1_Frame,42.33729666666667,-71.08982166666667,29.399999618530273,0.800000011920929,327839.3361476759,4689342.066252057,18:55:49,19,T
1675104949.5900662,73,68149,0,GPS1_Frame,42.33729666666667,-71.08982166666667,0.0,0.0,327839.3361476759,4689342.066252057,18:55:49,19,T
1675104950.2886038,74,68150,0,GPS1_Frame,42.337291666666665,-71.08982666666667,28.799999237060547,0.800000011920929,327838.910582649,4689341.521163549,18:55:50,19,T
1675104950.5888014,75,68150,0,GPS1_Frame,42.337291666666665,-71.08982666666667,0.0,0.0,327838.910582649,4689341.521163549,18:55:50,19,T
1675104951.2865539,76,68151,0,GPS1_Frame,42.337293333333335,-71.08982333333333,28.899999618530273,0.800000011920929,327839.18974434404,4689341.699485242,18:55:51,19,T
1675104952.0036802,77,68151,0,GPS1_Frame,42.337293333333335,-71.08982333333333,0.0,0.0,327839.18974434404,4689341.699485242,18:55:51,19,T
1675104952.2884524,78,68152,0,GPS1_Frame,42.337295,-71.08982,29.0,0.8999999761581421,327839.4689060226,4689341.877806943,18:55:52,19,T
1675104952.58404,79,68152,0,GPS1_Frame,42.337295,-71.08982,0.0,0.0,327839.4689060226,4689341.877806943,18:55:52,19,T
1675104953.2907963,80,68153,0,GPS1_Frame,42.33729666666667,-71.08981833333333,29.0,0.800000011920929,327839.6107610179,4689342.05950312,18:55:53,19,T
1675104953.5908277,81,68153,0,GPS1_Frame,42.33729666666667,-71.08981833333333,0.0,0.0,327839.6107610179,4689342.05950312,18:55:53,19,T
1675104954.2906203,82,68154,0,GPS1_Frame,42.33731,-71.08981333333334,28.899999618530273,0.800000011920929,327840.0590674991,4689343.529944889,18:55:54,19,T
1675104954.588288,83,68154,0,GPS1_Frame,42.33731,-71.08981333333334,0.0,0.0,327840.0590674991,4689343.529944889,18:55:54,19,T
1675104955.291229,84,68155,0,GPS1_Frame,42.33732166666667,-71.08981166666666,28.799999237060547,0.800000011920929,327840.22821228334,4689344.82206494,18:55:55,19,T
1675104955.5893424,85,68155,0,GPS1_Frame,42.33732166666667,-71.08981166666666,0.0,0.0,327840.22821228334,4689344.82206494,18:55:55,19,T
1675104956.291227,86,68156,0,GPS1_Frame,42.33733333333333,-71.08981333333334,28.700000762939453,0.800000011920929,327840.1227438376,4689346.120933908,18:55:56,19,T
1675104957.0111754,87,68156,0,GPS1_Frame,42.33733333333333,-71.08981333333334,0.0,0.0,327840.1227438376,4689346.120933908,18:55:56,19,T
1675104957.2910697,88,68157,0,GPS1_Frame,42.337345,-71.08981666666666,28.600000381469727,0.800000011920929,327839.87996888626,4689347.423177344,18:55:57,19,T
1675104957.5867884,89,68157,0,GPS1_Frame,42.337345,-71.08981666666666,0.0,0.0,327839.87996888626,4689347.423177344,18:55:57,19,T
1675104958.2915983,90,68158,0,GPS1_Frame,42.33735166666666,-71.08981666666666,28.5,0.800000011920929,327839.89816216426,4689348.163459924,18:55:58,19,T
1675104958.5869598,91,68158,0,GPS1_Frame,42.33735166666666,-71.08981666666666,0.0,0.0,327839.89816216426,4689348.163459924,18:55:58,19,T
1675104959.3169775,92,68159,0,GPS1_Frame,42.337365,-71.08981833333333,28.5,1.0,327839.7972422031,4689349.647399553,18:55:59,19,T
1675104959.6078482,93,68159,0,GPS1_Frame,42.337365,-71.08981833333333,0.0,0.0,327839.7972422031,4689349.647399553,18:55:59,19,T
1675104960.2873666,94,68160,0,GPS1_Frame,42.337381666666666,-71.08982,28.5,1.0,327839.70541896846,4689351.501480479,18:56:0,19,T
1675104960.5782652,95,68160,0,GPS1_Frame,42.337381666666666,-71.08982,0.0,0.0,327839.70541896846,4689351.501480479,18:56:0,19,T
1675104961.2879472,96,68161,0,GPS1_Frame,42.33739166666667,-71.089815,28.399999618530273,1.0,327840.1446283454,4689352.601780962,18:56:1,19,T
1675104962.0029829,97,68161,0,GPS1_Frame,42.33739166666667,-71.089815,0.0,0.0,327840.1446283454,4689352.601780962,18:56:1,19,T
1675104962.2871358,98,68162,0,GPS1_Frame,42.337408333333336,-71.08980666666666,28.899999618530273,1.0,327840.8766436918,4689354.435615157,18:56:2,19,T
1675104962.580306,99,68162,0,GPS1_Frame,42.337408333333336,-71.08980666666666,0.0,0.0,327840.8766436918,4689354.435615157,18:56:2,19,T
1675104963.2878048,100,68163,0,GPS1_Frame,42.33741666666667,-71.089805,28.899999618530273,1.0,327841.0366916201,4689355.357593942,18:56:3,19,T
1675104963.5811546,101,68163,0,GPS1_Frame,42.33741666666667,-71.089805,0.0,0.0,327841.0366916201,4689355.357593942,18:56:3,19,T
1675104964.2879095,102,68164,0,GPS1_Frame,42.337423333333334,-71.08980166666667,29.200000762939453,1.0,327841.3294976114,4689356.091127646,18:56:4,19,T
1675104964.5811503,103,68164,0,GPS1_Frame,42.337423333333334,-71.08980166666667,0.0,0.0,327841.3294976114,4689356.091127646,18:56:4,19,T
1675104965.3151352,104,68165,0,GPS1_Frame,42.337428333333335,-71.08979666666667,29.299999237060547,1.2999999523162842,327841.75506164634,4689356.63621628,18:56:5,19,T
1675104965.6038141,105,68165,0,GPS1_Frame,42.337428333333335,-71.08979666666667,0.0,0.0,327841.75506164634,4689356.63621628,18:56:5,19,T
1675104966.3147192,106,68166,0,GPS1_Frame,42.33743333333334,-71.08978833333333,29.5,1.2999999523162842,327842.4552383672,4689357.174556096,18:56:6,19,T
1675104967.025131,107,68166,0,GPS1_Frame,42.33743333333334,-71.08978833333333,0.0,0.0,327842.4552383672,4689357.174556096,18:56:6,19,T
1675104967.3137486,108,68167,0,GPS1_Frame,42.33744166666666,-71.089785,29.700000762939453,1.2999999523162842,327842.75259240484,4689358.0931605,18:56:7,19,T
1675104967.6024032,109,68167,0,GPS1_Frame,42.33744166666666,-71.089785,0.0,0.0,327842.75259240484,4689358.0931605,18:56:7,19,T
1675104968.2845523,110,68168,0,GPS1_Frame,42.33745666666667,-71.08978833333333,29.700000762939453,1.2999999523162842,327842.5189140948,4689359.765545161,18:56:8,19,T
1675104968.5710008,111,68168,0,GPS1_Frame,42.33745666666667,-71.08978833333333,0.0,0.0,327842.5189140948,4689359.765545161,18:56:8,19,T
1675104969.3147984,112,68169,0,GPS1_Frame,42.33747833333334,-71.08979666666667,29.899999618530273,1.2999999523162842,327841.89151020057,4689362.188335716,18:56:9,19,T
1675104969.6060283,113,68169,0,GPS1_Frame,42.33747833333334,-71.08979666666667,0.0,0.0,327841.89151020057,4689362.188335716,18:56:9,19,T
1675104970.3149345,114,68170,0,GPS1_Frame,42.33750166666667,-71.08980666666666,30.100000381469727,1.2999999523162842,327841.13134888816,4689364.799571446,18:56:10,19,T
1675104970.6059122,115,68170,0,GPS1_Frame,42.33750166666667,-71.08980666666666,0.0,0.0,327841.13134888816,4689364.799571446,18:56:10,19,T
1675104971.282888,116,68171,0,GPS1_Frame,42.33752,-71.08980666666666,29.899999618530273,1.2999999523162842,327841.18138032,4689366.835348591,18:56:11,19,T
1675104971.990715,117,68171,0,GPS1_Frame,42.33752,-71.08980666666666,0.0,0.0,327841.18138032,4689366.835348591,18:56:11,19,T
1675104972.2836618,118,68172,0,GPS1_Frame,42.33753,-71.08980166666667,30.0,1.2999999523162842,327841.620588689,4689367.935649157,18:56:12,19,T
1675104972.5747724,119,68172,0,GPS1_Frame,42.33753,-71.08980166666667,0.0,0.0,327841.620588689,4689367.935649157,18:56:12,19,T
1675104973.283931,120,68173,0,GPS1_Frame,42.337535,-71.08978666666667,30.100000381469727,1.2999999523162842,327842.8699889702,4689368.460491247,18:56:13,19,T
1675104973.574799,121,68173,0,GPS1_Frame,42.337535,-71.08978666666667,0.0,0.0,327842.8699889702,4689368.460491247,18:56:13,19,T
1675104974.3118777,122,68174,0,GPS1_Frame,42.337555,-71.08978166666667,30.100000381469727,1.2999999523162842,327843.33648655284,4689370.671215812,18:56:14,19,T
1675104974.6029103,123,68174,0,GPS1_Frame,42.337555,-71.08978166666667,0.0,0.0,327843.33648655284,4689370.671215812,18:56:14,19,T
1675104975.2846315,124,68175,0,GPS1_Frame,42.33759,-71.08978,30.200000762939453,1.2999999523162842,327843.56930610596,4689374.554325076,18:56:15,19,T
1675104975.5758486,125,68175,0,GPS1_Frame,42.33759,-71.08978,0.0,0.0,327843.56930610596,4689374.554325076,18:56:15,19,T
1675104976.288388,126,68176,0,GPS1_Frame,42.33761166666667,-71.08977666666667,30.399999618530273,0.8999999761581421,327843.90304548224,4689376.9534947425,18:56:16,19,T
1675104977.0057602,127,68176,0,GPS1_Frame,42.33761166666667,-71.08977666666667,0.0,0.0,327843.90304548224,4689376.9534947425,18:56:16,19,T
1675104977.2872999,128,68177,0,GPS1_Frame,42.33762,-71.08976333333334,31.0,0.8999999761581421,327845.02423449483,4689377.851852877,18:56:17,19,T
1675104977.58299,129,68177,0,GPS1_Frame,42.33762,-71.08976333333334,0.0,0.0,327845.02423449483,4689377.851852877,18:56:17,19,T
1675104978.2872167,130,68178,0,GPS1_Frame,42.337628333333335,-71.08974666666667,31.799999237060547,0.8999999761581421,327846.42003511963,4689378.74346247,18:56:18,19,T
1675104978.5831826,131,68178,0,GPS1_Frame,42.337628333333335,-71.08974666666667,0.0,0.0,327846.42003511963,4689378.74346247,18:56:18,19,T
1675104979.3159645,132,68179,0,GPS1_Frame,42.33764333333333,-71.08974,32.599998474121094,0.8999999761581421,327847.01019251434,4689380.3956009485,18:56:19,19,T
1675104979.6116521,133,68179,0,GPS1_Frame,42.33764333333333,-71.08974,0.0,0.0,327847.01019251434,4689380.3956009485,18:56:19,19,T
1675104980.3155231,134,68180,0,GPS1_Frame,42.33766166666667,-71.08974166666667,33.29999923706055,0.8999999761581421,327846.92291661026,4689382.434752477,18:56:20,19,T
1675104980.6111398,135,68180,0,GPS1_Frame,42.33766166666667,-71.08974166666667,0.0,0.0,327846.92291661026,4689382.434752477,18:56:20,19,T
1675104981.3152478,136,68181,0,GPS1_Frame,42.33767666666667,-71.08974,34.099998474121094,0.8999999761581421,327847.1011561111,4689384.097014012,18:56:21,19,T
1675104982.0323508,137,68181,0,GPS1_Frame,42.33767666666667,-71.08974,0.0,0.0,327847.1011561111,4689384.097014012,18:56:21,19,T
1675104982.2861419,138,68182,0,GPS1_Frame,42.337711666666664,-71.08976666666666,34.20000076293945,0.8999999761581421,327844.9997756771,4689388.037487584,18:56:22,19,T
1675104982.5816536,139,68182,0,GPS1_Frame,42.337711666666664,-71.08976666666666,0.0,0.0,327844.9997756771,4689388.037487584,18:56:22,19,T
1675104983.2876034,140,68183,0,GPS1_Frame,42.33772666666667,-71.08977166666666,34.5,0.8999999761581421,327844.62879266194,4689389.713246652,18:56:23,19,T
1675104983.5832388,141,68183,0,GPS1_Frame,42.33772666666667,-71.08977166666666,0.0,0.0,327844.62879266194,4689389.713246652,18:56:23,19,T
1675104984.2868624,142,68184,0,GPS1_Frame,42.337743333333336,-71.08977833333333,34.900001525878906,0.8999999761581421,327844.1250524219,4689391.577450809,18:56:24,19,T
1675104984.5825741,143,68184,0,GPS1_Frame,42.337743333333336,-71.08977833333333,0.0,0.0,327844.1250524219,4689391.577450809,18:56:24,19,T
1675104985.2876236,144,68185,0,GPS1_Frame,42.337756666666664,-71.08978333333333,35.20000076293945,0.8999999761581421,327843.7495215843,4689393.068139287,18:56:25,19,T
1675104985.583075,145,68185,0,GPS1_Frame,42.337756666666664,-71.08978333333333,0.0,0.0,327843.7495215843,4689393.068139287,18:56:25,19,T
1675104986.2870975,146,68186,0,GPS1_Frame,42.33776833333334,-71.089795,35.400001525878906,0.8999999761581421,327842.82022005867,4689394.387254847,18:56:26,19,T
1675104986.9996192,147,68186,0,GPS1_Frame,42.33776833333334,-71.089795,0.0,0.0,327842.82022005867,4689394.387254847,18:56:26,19,T
1675104987.3166358,148,68187,0,GPS1_Frame,42.337775,-71.08979666666667,35.79999923706055,0.8999999761581421,327842.7011076658,4689395.130911908,18:56:27,19,T
1675104987.611794,149,68187,0,GPS1_Frame,42.337775,-71.08979666666667,0.0,0.0,327842.7011076658,4689395.130911908,18:56:27,19,T
1675104988.2865896,150,68188,0,GPS1_Frame,42.33778,-71.08979333333333,36.20000076293945,0.8999999761581421,327842.9893638443,4689395.679375012,18:56:28,19,T
1675104988.582161,151,68188,0,GPS1_Frame,42.33778,-71.08979333333333,0.0,0.0,327842.9893638443,4689395.679375012,18:56:28,19,T
1675104989.286394,152,68189,0,GPS1_Frame,42.337781666666665,-71.08979333333333,36.29999923706055,0.8999999761581421,327842.9939121509,4689395.864445669,18:56:29,19,T
1675104989.582005,153,68189,0,GPS1_Frame,42.337781666666665,-71.08979333333333,0.0,0.0,327842.9939121509,4689395.864445669,18:56:29,19,T
1675104990.2870066,154,68190,0,GPS1_Frame,42.33778,-71.089795,36.5,0.8999999761581421,327842.8520582265,4689395.682749445,18:56:30,19,T
1675104990.5826893,155,68190,0,GPS1_Frame,42.33778,-71.089795,0.0,0.0,327842.8520582265,4689395.682749445,18:56:30,19,T
1675104991.2870839,156,68191,0,GPS1_Frame,42.337781666666665,-71.08979833333333,36.70000076293945,0.8999999761581421,327842.5819953063,4689395.874568973,18:56:31,19,T
1675104991.9995465,157,68191,0,GPS1_Frame,42.337781666666665,-71.08979833333333,0.0,0.0,327842.5819953063,4689395.874568973,18:56:31,19,T
1675104992.2873971,158,68192,0,GPS1_Frame,42.337788333333336,-71.089805,36.900001525878906,0.8999999761581421,327842.05096617714,4689396.628349379,18:56:32,19,T
1675104992.5830066,159,68192,0,GPS1_Frame,42.337788333333336,-71.089805,0.0,0.0,327842.05096617714,4689396.628349379,18:56:32,19,T
1675104993.2870913,160,68193,0,GPS1_Frame,42.33779166666667,-71.089805,36.900001525878906,0.8999999761581421,327842.0600628429,4689396.998490695,18:56:33,19,T
1675104993.5827491,161,68193,0,GPS1_Frame,42.33779166666667,-71.089805,0.0,0.0,327842.0600628429,4689396.998490695,18:56:33,19,T
1675104994.2870307,162,68194,0,GPS1_Frame,42.33779666666667,-71.089805,36.70000076293945,0.8999999761581421,327842.0737078426,4689397.553702666,18:56:34,19,T
1675104994.582592,163,68194,0,GPS1_Frame,42.33779666666667,-71.089805,0.0,0.0,327842.0737078426,4689397.553702666,18:56:34,19,T
1675104995.2867959,164,68195,0,GPS1_Frame,42.337805,-71.08980166666667,36.400001525878906,0.8999999761581421,327842.37106063846,4689398.472307061,18:56:35,19,T
1675104995.5825398,165,68195,0,GPS1_Frame,42.337805,-71.08980166666667,0.0,0.0,327842.37106063846,4689398.472307061,18:56:35,19,T
1675104996.287596,166,68196,0,GPS1_Frame,42.33781,-71.08979833333333,36.29999923706055,0.8999999761581421,327842.65931672684,4689399.020770152,18:56:36,19,T
1675104997.0002353,167,68196,0,GPS1_Frame,42.33781,-71.08979833333333,0.0,0.0,327842.65931672684,4689399.020770152,18:56:36,19,T
1675104997.2869582,168,68197,0,GPS1_Frame,42.33781666666667,-71.08979666666667,36.5,0.8999999761581421,327842.8148155464,4689399.757678346,18:56:37,19,T
1675104997.577914,169,68197,0,GPS1_Frame,42.33781666666667,-71.08979666666667,0.0,0.0,327842.8148155464,4689399.757678346,18:56:37,19,T
1675104998.2861233,170,68198,0,GPS1_Frame,42.337825,-71.08979166666667,36.5,0.8999999761581421,327843.2494736947,4689400.672908341,18:56:38,19,T
1675104998.5771382,171,68198,0,GPS1_Frame,42.337825,-71.08979166666667,0.0,0.0,327843.2494736947,4689400.672908341,18:56:38,19,T
1675104999.2864342,172,68199,0,GPS1_Frame,42.337831666666666,-71.089785,36.400001525878906,0.8999999761581421,327843.81688894826,4689401.399693282,18:56:39,19,T
1675104999.5770445,173,68199,0,GPS1_Frame,42.337831666666666,-71.089785,0.0,0.0,327843.81688894826,4689401.399693282,18:56:39,19,T
1675105000.2859864,174,68200,0,GPS1_Frame,42.33784,-71.08977833333333,36.5,0.8999999761581421,327844.3888523669,4689402.311548926,18:56:40,19,T
1675105000.5792124,175,68200,0,GPS1_Frame,42.33784,-71.08977833333333,0.0,0.0,327844.3888523669,4689402.311548926,18:56:40,19,T
1675105001.2861009,176,68201,0,GPS1_Frame,42.33784166666667,-71.08977833333333,36.400001525878906,0.8999999761581421,327844.39340064616,4689402.496619585,18:56:41,19,T
1675105001.9963186,177,68201,0,GPS1_Frame,42.33784166666667,-71.08977833333333,0.0,0.0,327844.39340064616,4689402.496619585,18:56:41,19,T
1675105002.2836156,178,68202,0,GPS1_Frame,42.337846666666664,-71.08978166666667,36.20000076293945,1.0,327844.13243453775,4689403.05858038,18:56:42,19,T
1675105002.5722947,179,68202,0,GPS1_Frame,42.337846666666664,-71.08978166666667,0.0,0.0,327844.13243453775,4689403.05858038,18:56:42,19,T
1675105003.2834442,180,68203,0,GPS1_Frame,42.33785666666667,-71.089785,36.0,1.0,327843.885113359,4689404.175753163,18:56:43,19,T
1675105003.5697696,181,68203,0,GPS1_Frame,42.33785666666667,-71.089785,0.0,0.0,327843.885113359,4689404.175753163,18:56:43,19,T
1675105004.2835488,182,68204,0,GPS1_Frame,42.33786333333333,-71.08978666666667,36.0,1.0,327843.7660011046,4689404.919410219,18:56:44,19,T
1675105004.5744834,183,68204,0,GPS1_Frame,42.33786333333333,-71.08978666666667,0.0,0.0,327843.7660011046,4689404.919410219,18:56:44,19,T
1675105005.2834382,184,68205,0,GPS1_Frame,42.337871666666665,-71.08978666666667,36.0,1.0,327843.78874260327,4689405.844763516,18:56:45,19,T
1675105005.5742915,185,68205,0,GPS1_Frame,42.337871666666665,-71.08978666666667,0.0,0.0,327843.78874260327,4689405.844763516,18:56:45,19,T
1675105006.283875,186,68206,0,GPS1_Frame,42.33788166666667,-71.08978166666667,36.0,1.0,327844.2279485971,4689406.945064225,18:56:46,19,T
1675105006.9918547,187,68206,0,GPS1_Frame,42.33788166666667,-71.08978166666667,0.0,0.0,327844.2279485971,4689406.945064225,18:56:46,19,T
1675105007.2838275,188,68207,0,GPS1_Frame,42.337893333333334,-71.08978,36.20000076293945,1.0,327844.39709200204,4689408.237184432,18:56:47,19,T
1675105007.5701568,189,68207,0,GPS1_Frame,42.337893333333334,-71.08978,0.0,0.0,327844.39709200204,4689408.237184432,18:56:47,19,T
1675105008.283663,190,68208,0,GPS1_Frame,42.337905,-71.089785,36.0,1.0,327844.0170139797,4689409.542802297,18:56:48,19,T
1675105008.574476,191,68208,0,GPS1_Frame,42.337905,-71.089785,0.0,0.0,327844.0170139797,4689409.542802297,18:56:48,19,T
1675105009.2839403,192,68209,0,GPS1_Frame,42.337923333333336,-71.08979166666667,36.099998474121094,1.0,327843.517824056,4689411.592077262,18:56:49,19,T
1675105009.5748768,193,68209,0,GPS1_Frame,42.337923333333336,-71.08979166666667,0.0,0.0,327843.517824056,4689411.592077262,18:56:49,19,T
1675105010.3120134,194,68210,0,GPS1_Frame,42.337941666666666,-71.08979833333333,36.099998474121094,1.0,327843.0186344712,4689413.641352274,18:56:50,19,T
1675105010.603212,195,68210,0,GPS1_Frame,42.337941666666666,-71.08979833333333,0.0,0.0,327843.0186344712,4689413.641352274,18:56:50,19,T
1675105011.2812393,196,68211,0,GPS1_Frame,42.337943333333335,-71.08980666666666,36.20000076293945,1.100000023841858,327842.3366564888,4689413.843295172,18:56:51,19,T
1675105011.9846022,197,68211,0,GPS1_Frame,42.337943333333335,-71.08980666666666,0.0,0.0,327842.3366564888,4689413.843295172,18:56:51,19,T
1675105012.280516,198,68212,0,GPS1_Frame,42.337938333333334,-71.08980833333334,36.400001525878906,1.100000023841858,327842.1857061646,4689413.29145764,18:56:52,19,T
1675105012.5671625,199,68212,0,GPS1_Frame,42.337938333333334,-71.08980833333334,0.0,0.0,327842.1857061646,4689413.29145764,18:56:52,19,T
1675105013.2813783,200,68213,0,GPS1_Frame,42.337941666666666,-71.08980333333334,36.29999923706055,1.100000023841858,327842.6067186702,4689413.6514756065,18:56:53,19,T
1675105013.5679402,201,68213,0,GPS1_Frame,42.337941666666666,-71.08980333333334,0.0,0.0,327842.6067186702,4689413.6514756065,18:56:53,19,T
1675105014.2822316,202,68214,0,GPS1_Frame,42.33795,-71.089805,36.20000076293945,1.100000023841858,327842.4921551394,4689414.5802033665,18:56:54,19,T
1675105014.5686653,203,68214,0,GPS1_Frame,42.33795,-71.089805,0.0,0.0,327842.4921551394,4689414.5802033665,18:56:54,19,T
1675105015.3114736,204,68215,0,GPS1_Frame,42.337965,-71.08980333333334,36.0,1.100000023841858,327842.67039548024,4689416.242464875,18:56:55,19,T
1675105015.5981882,205,68215,0,GPS1_Frame,42.337965,-71.08980333333334,0.0,0.0,327842.67039548024,4689416.242464875,18:56:55,19,T
1675105016.2820044,206,68216,0,GPS1_Frame,42.337985,-71.08979833333333,35.599998474121094,1.100000023841858,327843.13689114386,4689418.453189492,18:56:56,19,T
1675105016.9853287,207,68216,0,GPS1_Frame,42.337985,-71.08979833333333,0.0,0.0,327843.13689114386,4689418.453189492,18:56:56,19,T
1675105017.3113234,208,68217,0,GPS1_Frame,42.33799666666667,-71.08979333333333,35.20000076293945,1.100000023841858,327843.580644935,4689419.738560824,18:56:57,19,T
1675105017.5981064,209,68217,0,GPS1_Frame,42.33799666666667,-71.08979333333333,0.0,0.0,327843.580644935,4689419.738560824,18:56:57,19,T
1675105018.3124607,210,68218,0,GPS1_Frame,42.338008333333335,-71.089795,35.099998474121094,1.100000023841858,327843.47517809743,4689421.0374299,18:56:58,19,T
1675105018.5990841,211,68218,0,GPS1_Frame,42.338008333333335,-71.089795,0.0,0.0,327843.47517809743,4689421.0374299,18:56:58,19,T
1675105019.3120053,212,68219,0,GPS1_Frame,42.338015,-71.08980166666667,34.900001525878906,1.100000023841858,327842.9441509921,4689421.791210319,18:56:59,19,T
1675105019.5985162,213,68219,0,GPS1_Frame,42.338015,-71.08980166666667,0.0,0.0,327842.9441509921,4689421.791210319,18:56:59,19,T
1675105020.3125134,214,68220,0,GPS1_Frame,42.338025,-71.08981,34.900001525878906,1.100000023841858,327842.28491564223,4689422.918506569,18:57:0,19,T
1675105020.5989413,215,68220,0,GPS1_Frame,42.338025,-71.08981,0.0,0.0,327842.28491564223,4689422.918506569,18:57:0,19,T
1675105021.282226,216,68221,0,GPS1_Frame,42.33803833333333,-71.08982,34.79999923706055,1.100000023841858,327841.49747222505,4689424.419318692,18:57:1,19,T
1675105021.9856224,217,68221,0,GPS1_Frame,42.33803833333333,-71.08982,0.0,0.0,327841.49747222505,4689424.419318692,18:57:1,19,T
1675105022.2820835,218,68222,0,GPS1_Frame,42.338053333333335,-71.08982666666667,35.099998474121094,1.100000023841858,327840.989187625,4689426.098452603,18:57:2,19,T
1675105022.568455,219,68222,0,GPS1_Frame,42.338053333333335,-71.08982666666667,0.0,0.0,327840.989187625,4689426.098452603,18:57:2,19,T
1675105023.2826412,220,68223,0,GPS1_Frame,42.33807,-71.089835,35.20000076293945,1.100000023841858,327840.34814672876,4689427.966031727,18:57:3,19,T
1675105023.5690215,221,68223,0,GPS1_Frame,42.33807,-71.089835,0.0,0.0,327840.34814672876,4689427.966031727,18:57:3,19,T
1675105024.2824614,222,68224,0,GPS1_Frame,42.33809,-71.08984666666667,35.5,1.100000023841858,327839.4415932074,4689430.210501294,18:57:4,19,T
1675105024.56881,223,68224,0,GPS1_Frame,42.33809,-71.08984666666667,0.0,0.0,327839.4415932074,4689430.210501294,18:57:4,19,T
1675105025.3112652,224,68225,0,GPS1_Frame,42.338115,-71.08986,35.599998474121094,1.100000023841858,327838.41138086014,4689433.013557541,18:57:5,19,T
1675105025.597966,225,68225,0,GPS1_Frame,42.338115,-71.08986,0.0,0.0,327838.41138086014,4689433.013557541,18:57:5,19,T
1675105026.281727,226,68226,0,GPS1_Frame,42.338141666666665,-71.08987833333333,35.900001525878906,1.100000023841858,327836.97380343534,4689436.011808349,18:57:6,19,T
1675105026.985176,227,68226,0,GPS1_Frame,42.338141666666665,-71.08987833333333,0.0,0.0,327836.97380343534,4689436.011808349,18:57:6,19,T
1675105027.283348,228,68227,0,GPS1_Frame,42.338165,-71.08988833333333,36.29999923706055,0.8999999761581421,327836.2136540942,4689438.623045188,18:57:7,19,T
1675105027.574415,229,68227,0,GPS1_Frame,42.338165,-71.08988833333333,0.0,0.0,327836.2136540942,4689438.623045188,18:57:7,19,T
1675105028.2846303,230,68228,0,GPS1_Frame,42.338185,-71.08989,36.79999923706055,0.8999999761581421,327836.13093193684,4689440.847267809,18:57:8,19,T
1675105028.5801997,231,68228,0,GPS1_Frame,42.338185,-71.08989,0.0,0.0,327836.13093193684,4689440.847267809,18:57:8,19,T
1675105029.286512,232,68229,0,GPS1_Frame,42.33819833333333,-71.089895,37.099998474121094,0.8999999761581421,327835.75540623977,4689442.337956953,18:57:9,19,T
1675105029.5821025,233,68229,0,GPS1_Frame,42.33819833333333,-71.089895,0.0,0.0,327835.75540623977,4689442.337956953,18:57:9,19,T
1675105030.3159306,234,68230,0,GPS1_Frame,42.338213333333336,-71.08990166666666,37.29999923706055,0.8999999761581421,327835.24712462653,4689444.017091403,18:57:10,19,T
1675105030.611376,235,68230,0,GPS1_Frame,42.338213333333336,-71.08990166666666,0.0,0.0,327835.24712462653,4689444.017091403,18:57:10,19,T
1675105031.3147929,236,68231,0,GPS1_Frame,42.33822833333333,-71.089905,37.599998474121094,0.8999999761581421,327835.0134525724,4689445.689476664,18:57:11,19,T
1675105032.027632,237,68231,0,GPS1_Frame,42.33822833333333,-71.089905,0.0,0.0,327835.0134525724,4689445.689476664,18:57:11,19,T
1675105032.315403,238,68232,0,GPS1_Frame,42.33824,-71.08991,37.70000076293945,0.8999999761581421,327834.6333788468,4689446.995095223,18:57:12,19,T
1675105032.6110857,239,68232,0,GPS1_Frame,42.33824,-71.08991,0.0,0.0,327834.6333788468,4689446.995095223,18:57:12,19,T
1675105033.2865055,240,68233,0,GPS1_Frame,42.33824833333333,-71.08990666666666,37.29999923706055,0.8999999761581421,327834.93073105527,4689447.913699335,18:57:13,19,T
1675105033.5821536,241,68233,0,GPS1_Frame,42.33824833333333,-71.08990666666666,0.0,0.0,327834.93073105527,4689447.913699335,18:57:13,19,T
1675105034.2861383,242,68234,0,GPS1_Frame,42.33824833333333,-71.08989666666666,37.0,0.8999999761581421,327835.7545586494,4689447.893451672,18:57:14,19,T
1675105034.5817168,243,68234,0,GPS1_Frame,42.33824833333333,-71.08989666666666,0.0,0.0,327835.7545586494,4689447.893451672,18:57:14,19,T
1675105035.2854798,244,68235,0,GPS1_Frame,42.338251666666665,-71.08989333333334,36.79999923706055,0.8999999761581421,327836.0382649773,4689448.256843815,18:57:15,19,T
1675105035.580945,245,68235,0,GPS1_Frame,42.338251666666665,-71.08989333333334,0.0,0.0,327836.0382649773,4689448.256843815,18:57:15,19,T
1675105036.2857451,246,68236,0,GPS1_Frame,42.338265,-71.089895,36.70000076293945,0.8999999761581421,327835.937348949,4689449.740783786,18:57:16,19,T
1675105036.9984066,247,68236,0,GPS1_Frame,42.338265,-71.089895,0.0,0.0,327835.937348949,4689449.740783786,18:57:16,19,T
1675105037.2837205,248,68237,0,GPS1_Frame,42.338271666666664,-71.089895,36.5,1.0,327835.95554323273,4689450.481066474,18:57:17,19,T
1675105037.5746708,249,68237,0,GPS1_Frame,42.338271666666664,-71.089895,0.0,0.0,327835.95554323273,4689450.481066474,18:57:17,19,T
1675105038.3145478,250,68238,0,GPS1_Frame,42.33828166666667,-71.08989666666666,36.400001525878906,1.0,327835.8455301352,4689451.594865108,18:57:18,19,T
1675105038.6055617,251,68238,0,GPS1_Frame,42.33828166666667,-71.08989666666666,0.0,0.0,327835.8455301352,4689451.594865108,18:57:18,19,T
1675105039.2848618,252,68239,0,GPS1_Frame,42.33829,-71.08989666666666,36.29999923706055,0.8999999761581421,327835.8682730157,4689452.52021847,18:57:19,19,T
1675105039.5802996,253,68239,0,GPS1_Frame,42.33829,-71.08989666666666,0.0,0.0,327835.8682730157,4689452.52021847,18:57:19,19,T
1675105040.2857652,254,68240,0,GPS1_Frame,42.338301666666666,-71.08990833333333,36.20000076293945,0.8999999761581421,327834.93898167356,4689453.839335467,18:57:20,19,T
1675105040.5813012,255,68240,0,GPS1_Frame,42.338301666666666,-71.08990833333333,0.0,0.0,327834.93898167356,4689453.839335467,18:57:20,19,T
1675105041.2858872,256,68241,0,GPS1_Frame,42.338325,-71.089935,36.0,0.8999999761581421,327832.80579121306,4689456.484319193,18:57:21,19,T
1675105041.998662,257,68241,0,GPS1_Frame,42.338325,-71.089935,0.0,0.0,327832.80579121306,4689456.484319193,18:57:21,19,T
1675105042.2856507,258,68242,0,GPS1_Frame,42.338341666666665,-71.08995666666667,35.900001525878906,0.8999999761581421,327831.06632070127,4689458.378896816,18:57:22,19,T
1675105042.5811908,259,68242,0,GPS1_Frame,42.338341666666665,-71.08995666666667,0.0,0.0,327831.06632070127,4689458.378896816,18:57:22,19,T
1675105043.2854438,260,68243,0,GPS1_Frame,42.33836,-71.08997333333333,35.900001525878906,0.8999999761581421,327829.7433129733,4689460.448421382,18:57:23,19,T
1675105043.5810177,261,68243,0,GPS1_Frame,42.33836,-71.08997333333333,0.0,0.0,327829.7433129733,4689460.448421382,18:57:23,19,T
1675105044.2852278,262,68244,0,GPS1_Frame,42.338375,-71.08998666666666,35.900001525878906,0.8999999761581421,327828.68581713596,4689462.141055372,18:57:24,19,T
1675105044.5808818,263,68244,0,GPS1_Frame,42.338375,-71.08998666666666,0.0,0.0,327828.68581713596,4689462.141055372,18:57:24,19,T
1675105045.2856646,264,68245,0,GPS1_Frame,42.33839,-71.09,35.79999923706055,0.8999999761581421,327827.62832183036,4689463.833689542,18:57:25,19,T
1675105045.5813682,265,68245,0,GPS1_Frame,42.33839,-71.09,0.0,0.0,327827.62832183036,4689463.833689542,18:57:25,19,T
1675105046.2862072,266,68246,0,GPS1_Frame,42.338408333333334,-71.09001,35.900001525878906,0.8999999761581421,327826.8545332459,4689465.889715662,18:57:26,19,T
1675105046.9991834,267,68246,0,GPS1_Frame,42.338408333333334,-71.09001,0.0,0.0,327826.8545332459,4689465.889715662,18:57:26,19,T
1675105047.285784,268,68247,0,GPS1_Frame,42.33842833333333,-71.09001833333333,35.900001525878906,0.8999999761581421,327826.2225982223,4689468.127437763,18:57:27,19,T
1675105047.5811822,269,68247,0,GPS1_Frame,42.33842833333333,-71.09001833333333,0.0,0.0,327826.2225982223,4689468.127437763,18:57:27,19,T
1675105048.2852738,270,68248,0,GPS1_Frame,42.33844166666667,-71.09003,35.599998474121094,0.8999999761581421,327825.29785980575,4689469.631626863,18:57:28,19,T
1675105048.5810363,271,68248,0,GPS1_Frame,42.33844166666667,-71.09003,0.0,0.0,327825.29785980575,4689469.631626863,18:57:28,19,T
1675105049.2863994,272,68249,0,GPS1_Frame,42.33845,-71.090035,35.70000076293945,0.8999999761581421,327824.90869172476,4689470.567104728,18:57:29,19,T
1675105049.5818772,273,68249,0,GPS1_Frame,42.33845,-71.090035,0.0,0.0,327824.90869172476,4689470.567104728,18:57:29,19,T
1675105050.2866046,274,68250,0,GPS1_Frame,42.338465,-71.09003833333334,35.79999923706055,0.8999999761581421,327824.67502350116,4689472.239490499,18:57:30,19,T
1675105050.5822766,275,68250,0,GPS1_Frame,42.338465,-71.09003833333334,0.0,0.0,327824.67502350116,4689472.239490499,18:57:30,19,T
1675105051.2858665,276,68251,0,GPS1_Frame,42.338476666666665,-71.09004333333333,35.900001525878906,0.8999999761581421,327824.2949535001,4689473.545109767,18:57:31,19,T
1675105051.9987411,277,68251,0,GPS1_Frame,42.338476666666665,-71.09004333333333,0.0,0.0,327824.2949535001,4689473.545109767,18:57:31,19,T
1675105052.285895,278,68252,0,GPS1_Frame,42.338483333333336,-71.09004666666667,35.5,0.8999999761581421,327824.0385409759,4689474.292142177,18:57:32,19,T
1675105052.5815454,279,68252,0,GPS1_Frame,42.338483333333336,-71.09004666666667,0.0,0.0,327824.0385409759,4689474.292142177,18:57:32,19,T
1675105053.2803056,280,68253,0,GPS1_Frame,42.33848833333333,-71.09005166666667,35.29999923706055,1.0,327823.6402755032,4689474.857478769,18:57:33,19,T
1675105053.571311,281,68253,0,GPS1_Frame,42.33848833333333,-71.09005166666667,0.0,0.0,327823.6402755032,4689474.857478769,18:57:33,19,T
1675105054.2832897,282,68254,0,GPS1_Frame,42.33849,-71.09005833333333,35.0,1.0,327823.0956081406,4689475.056048894,18:57:34,19,T
1675105054.5742717,283,68254,0,GPS1_Frame,42.33849,-71.09005833333333,0.0,0.0,327823.0956081406,4689475.056048894,18:57:34,19,T
1675105055.2815862,284,68255,0,GPS1_Frame,42.33849333333333,-71.09006,34.599998474121094,1.0,327822.9674019655,4689475.429565121,18:57:35,19,T
1675105055.5725787,285,68255,0,GPS1_Frame,42.33849333333333,-71.09006,0.0,0.0,327822.9674019655,4689475.429565121,18:57:35,19,T
1675105056.2818696,286,68256,0,GPS1_Frame,42.338495,-71.09006333333333,34.29999923706055,1.0,327822.69734278915,4689475.621385547,18:57:36,19,T
1675105056.989939,287,68256,0,GPS1_Frame,42.338495,-71.09006333333333,0.0,0.0,327822.69734278915,4689475.621385547,18:57:36,19,T
1675105057.2830014,288,68257,0,GPS1_Frame,42.338505,-71.09007,33.599998474121094,1.0,327822.17542037345,4689476.745309149,18:57:37,19,T
1675105057.57392,289,68257,0,GPS1_Frame,42.338505,-71.09007,0.0,0.0,327822.17542037345,4689476.745309149,18:57:37,19,T
1675105058.2819984,290,68258,0,GPS1_Frame,42.33851166666667,-71.090075,33.0,1.0,327821.78170418646,4689477.49571654,18:57:38,19,T
1675105058.5731163,291,68258,0,GPS1_Frame,42.33851166666667,-71.090075,0.0,0.0,327821.78170418646,4689477.49571654,18:57:38,19,T
1675105059.2812436,292,68259,0,GPS1_Frame,42.33850833333333,-71.090075,33.29999923706055,1.0,327821.77260621777,4689477.125575179,18:57:39,19,T
1675105059.57256,293,68259,0,GPS1_Frame,42.33850833333333,-71.090075,0.0,0.0,327821.77260621777,4689477.125575179,18:57:39,19,T
1675105060.3087506,294,68260,0,GPS1_Frame,42.33851,-71.090075,33.099998474121094,1.0,327821.7771552021,4689477.310645859,18:57:40,19,T
1675105060.5997903,295,68260,0,GPS1_Frame,42.33851,-71.090075,0.0,0.0,327821.7771552021,4689477.310645859,18:57:40,19,T
1675105061.2821786,296,68261,0,GPS1_Frame,42.33850833333333,-71.09007833333334,32.5,1.0,327821.49799814704,4689477.132324972,18:57:41,19,T
1675105061.9854953,297,68261,0,GPS1_Frame,42.33850833333333,-71.09007833333334,0.0,0.0,327821.49799814704,4689477.132324972,18:57:41,19,T
1675105062.2886128,298,68262,0,GPS1_Frame,42.33851166666667,-71.09008,32.29999923706055,1.0,327821.36979210423,4689477.505841233,18:57:42,19,T
1675105062.5797174,299,68262,0,GPS1_Frame,42.33851166666667,-71.09008,0.0,0.0,327821.36979210423,4689477.505841233,18:57:42,19,T
1675105063.2832835,300,68263,0,GPS1_Frame,42.338521666666665,-71.09008166666666,31.899999618530273,1.0,327821.2597820747,4689478.619640222,18:57:43,19,T
1675105063.574343,301,68263,0,GPS1_Frame,42.338521666666665,-71.09008166666666,0.0,0.0,327821.2597820747,4689478.619640222,18:57:43,19,T
1675105064.283097,302,68264,0,GPS1_Frame,42.338535,-71.090085,31.899999618530273,1.0,327821.0215661259,4689480.106955486,18:57:44,19,T
1675105064.5741038,303,68264,0,GPS1_Frame,42.338535,-71.090085,0.0,0.0,327821.0215661259,4689480.106955486,18:57:44,19,T
1675105065.3126976,304,68265,0,GPS1_Frame,42.33853833333333,-71.090085,31.799999237060547,1.0,327821.03066414286,4689480.477096849,18:57:45,19,T
1675105065.6037073,305,68265,0,GPS1_Frame,42.33853833333333,-71.090085,0.0,0.0,327821.03066414286,4689480.477096849,18:57:45,19,T
1675105066.284784,306,68266,0,GPS1_Frame,42.33853833333333,-71.09007833333334,31.200000762939453,1.0,327821.57988001686,4689480.46359723,18:57:46,19,T
1675105066.992856,307,68266,0,GPS1_Frame,42.33853833333333,-71.09007833333334,0.0,0.0,327821.57988001686,4689480.46359723,18:57:46,19,T
1675105067.3109684,308,68267,0,GPS1_Frame,42.338543333333334,-71.090075,31.100000381469727,1.0,327821.86813491816,4689481.012059482,18:57:47,19,T
1675105067.601987,309,68267,0,GPS1_Frame,42.338543333333334,-71.090075,0.0,0.0,327821.86813491816,4689481.012059482,18:57:47,19,T
1675105068.2880347,310,68268,0,GPS1_Frame,42.33855333333333,-71.09007333333334,31.100000381469727,1.0,327822.0327327774,4689482.119108679,18:57:48,19,T
1675105068.5791593,311,68268,0,GPS1_Frame,42.33855333333333,-71.09007333333334,0.0,0.0,327822.0327327774,4689482.119108679,18:57:48,19,T
1675105069.3129156,312,68269,0,GPS1_Frame,42.338568333333335,-71.09008,31.299999237060547,1.0,327821.5244580316,4689483.798244407,18:57:49,19,T
1675105069.604157,313,68269,0,GPS1_Frame,42.338568333333335,-71.09008,0.0,0.0,327821.5244580316,4689483.798244407,18:57:49,19,T
1675105070.3127494,314,68270,0,GPS1_Frame,42.338586666666664,-71.09008833333333,31.600000381469727,1.0,327820.88797772664,4689485.850896463,18:57:50,19,T
1675105070.6035843,315,68270,0,GPS1_Frame,42.338586666666664,-71.09008833333333,0.0,0.0,327820.88797772664,4689485.850896463,18:57:50,19,T
1675105071.3149905,316,68271,0,GPS1_Frame,42.338606666666664,-71.09010333333333,31.899999618530273,0.8999999761581421,327819.7068315993,4689488.102119018,18:57:51,19,T
1675105072.0323176,317,68271,0,GPS1_Frame,42.338606666666664,-71.09010333333333,0.0,0.0,327819.7068315993,4689488.102119018,18:57:51,19,T
1675105072.2865093,318,68272,0,GPS1_Frame,42.33863,-71.09011833333334,32.099998474121094,0.8999999761581421,327818.5347844504,4689490.723483172,18:57:52,19,T
1675105072.5818968,319,68272,0,GPS1_Frame,42.33863,-71.09011833333334,0.0,0.0,327818.5347844504,4689490.723483172,18:57:52,19,T
1675105073.2862277,320,68273,0,GPS1_Frame,42.338645,-71.09012666666666,32.599998474121094,0.8999999761581421,327817.8892075782,4689492.405994195,18:57:53,19,T
1675105073.5817885,321,68273,0,GPS1_Frame,42.338645,-71.09012666666666,0.0,0.0,327817.8892075782,4689492.405994195,18:57:53,19,T
1675105074.2866747,322,68274,0,GPS1_Frame,42.33866166666667,-71.09013333333333,33.20000076293945,0.8999999761581421,327817.3854838702,4689494.270200985,18:57:54,19,T
1675105074.5819314,323,68274,0,GPS1_Frame,42.33866166666667,-71.09013333333333,0.0,0.0,327817.3854838702,4689494.270200985,18:57:54,19,T
1675105075.314558,324,68275,0,GPS1_Frame,42.33868,-71.090145,33.79999923706055,0.8999999761581421,327816.47439862636,4689496.329603524,18:57:55,19,T
1675105075.6102498,325,68275,0,GPS1_Frame,42.33868,-71.090145,0.0,0.0,327816.47439862636,4689496.329603524,18:57:55,19,T
1675105076.2854774,326,68276,0,GPS1_Frame,42.338705,-71.09016166666666,34.400001525878906,0.8999999761581421,327815.1695998565,4689499.139414048,18:57:56,19,T
1675105077.0029495,327,68276,0,GPS1_Frame,42.338705,-71.09016166666666,0.0,0.0,327815.1695998565,4689499.139414048,18:57:56,19,T
1675105077.2855256,328,68277,0,GPS1_Frame,42.338735,-71.09018666666667,35.0,0.8999999761581421,327813.1919321887,4689502.521312271,18:57:57,19,T
1675105077.5810437,329,68277,0,GPS1_Frame,42.338735,-71.09018666666667,0.0,0.0,327813.1919321887,4689502.521312271,18:57:57,19,T
1675105078.2868323,330,68278,0,GPS1_Frame,42.33875666666667,-71.0902,35.900001525878906,0.8999999761581421,327812.1526444651,4689504.954231924,18:57:58,19,T
1675105078.5820963,331,68278,0,GPS1_Frame,42.33875666666667,-71.0902,0.0,0.0,327812.1526444651,4689504.954231924,18:57:58,19,T
1675105079.284964,332,68279,0,GPS1_Frame,42.338775,-71.090215,36.400001525878906,0.8999999761581421,327810.96695544675,4689507.020385504,18:57:59,19,T
1675105079.5805461,333,68279,0,GPS1_Frame,42.338775,-71.090215,0.0,0.0,327810.96695544675,4689507.020385504,18:57:59,19,T
1675105080.3151257,334,68280,0,GPS1_Frame,42.33879,-71.09022166666666,36.70000076293945,0.8999999761581421,327810.458685581,4689508.699522227,18:58:0,19,T
1675105080.6108038,335,68280,0,GPS1_Frame,42.33879,-71.09022166666666,0.0,0.0,327810.458685581,4689508.699522227,18:58:0,19,T
1675105081.3155084,336,68281,0,GPS1_Frame,42.338805,-71.090225,37.0,0.8999999761581421,327810.22502276266,4689510.371908714,18:58:1,19,T
1675105082.0326924,337,68281,0,GPS1_Frame,42.338805,-71.090225,0.0,0.0,327810.22502276266,4689510.371908714,18:58:1,19,T
1675105082.316061,338,68282,0,GPS1_Frame,42.33882,-71.09022833333333,37.400001525878906,0.8999999761581421,327809.991360091,4689512.044295215,18:58:2,19,T
1675105082.6118078,339,68282,0,GPS1_Frame,42.33882,-71.09022833333333,0.0,0.0,327809.991360091,4689512.044295215,18:58:2,19,T
1675105083.2843726,340,68283,0,GPS1_Frame,42.33883,-71.09023166666667,37.79999923706055,1.0,327809.7440494979,4689513.16146966,18:58:3,19,T
1675105083.5750244,341,68283,0,GPS1_Frame,42.33883,-71.09023166666667,0.0,0.0,327809.7440494979,4689513.16146966,18:58:3,19,T
1675105084.2859051,342,68284,0,GPS1_Frame,42.33884333333334,-71.090235,38.099998474121094,0.8999999761581421,327809.50583772117,4689514.648785501,18:58:4,19,T
1675105084.5814533,343,68284,0,GPS1_Frame,42.33884333333334,-71.090235,0.0,0.0,327809.50583772117,4689514.648785501,18:58:4,19,T
1675105085.2861254,344,68285,0,GPS1_Frame,42.338855,-71.09024,38.400001525878906,0.8999999761581421,327809.1257734201,4689515.954405825,18:58:5,19,T
1675105085.58181,345,68285,0,GPS1_Frame,42.338855,-71.09024,0.0,0.0,327809.1257734201,4689515.954405825,18:58:5,19,T
1675105086.2880898,346,68286,0,GPS1_Frame,42.33886833333333,-71.090245,38.70000076293945,0.8999999761581421,327808.7502586646,4689517.445096867,18:58:6,19,T
1675105087.0053856,347,68286,0,GPS1_Frame,42.33886833333333,-71.090245,0.0,0.0,327808.7502586646,4689517.445096867,18:58:6,19,T
1675105087.2846706,348,68287,0,GPS1_Frame,42.338881666666666,-71.09025333333334,39.099998474121094,0.8999999761581421,327808.1001376458,4689518.942538308,18:58:7,19,T
1675105087.5799246,349,68287,0,GPS1_Frame,42.338881666666666,-71.09025333333334,0.0,0.0,327808.1001376458,4689518.942538308,18:58:7,19,T
1675105088.3142672,350,68288,0,GPS1_Frame,42.338895,-71.09025833333334,39.29999923706055,0.8999999761581421,327807.7246233155,4689520.433229425,18:58:8,19,T
1675105088.6100163,351,68288,0,GPS1_Frame,42.338895,-71.09025833333334,0.0,0.0,327807.7246233155,4689520.433229425,18:58:8,19,T
1675105089.2857058,352,68289,0,GPS1_Frame,42.33890666666667,-71.090265,39.400001525878906,0.8999999761581421,327807.2072565721,4689521.742225079,18:58:9,19,T
1675105089.5813746,353,68289,0,GPS1_Frame,42.33890666666667,-71.090265,0.0,0.0,327807.2072565721,4689521.742225079,18:58:9,19,T
1675105090.286033,354,68290,0,GPS1_Frame,42.33891833333333,-71.09027333333333,39.5,0.8999999761581421,327806.5525868953,4689523.054595999,18:58:10,19,T
1675105090.5815597,355,68290,0,GPS1_Frame,42.33891833333333,-71.09027333333333,0.0,0.0,327806.5525868953,4689523.054595999,18:58:10,19,T
1675105091.2852104,356,68291,0,GPS1_Frame,42.33893166666667,-71.09028,39.900001525878906,0.8999999761581421,327806.0397700637,4689524.548662452,18:58:11,19,T
1675105092.002506,357,68291,0,GPS1_Frame,42.33893166666667,-71.09028,0.0,0.0,327806.0397700637,4689524.548662452,18:58:11,19,T
1675105092.2862036,358,68292,0,GPS1_Frame,42.338945,-71.09028666666667,40.29999923706055,0.8999999761581421,327805.5269534737,4689526.042728954,18:58:12,19,T
1675105092.581868,359,68292,0,GPS1_Frame,42.338945,-71.09028666666667,0.0,0.0,327805.5269534737,4689526.042728954,18:58:12,19,T
1675105093.2867799,360,68293,0,GPS1_Frame,42.33895666666667,-71.09029166666667,40.400001525878906,0.8999999761581421,327805.14689068624,4689527.348349557,18:58:13,19,T
1675105093.582185,361,68293,0,GPS1_Frame,42.33895666666667,-71.09029166666667,0.0,0.0,327805.14689068624,4689527.348349557,18:58:13,19,T
1675105094.2866867,362,68294,0,GPS1_Frame,42.338966666666664,-71.09029666666666,40.79999923706055,0.8999999761581421,327804.7622785509,4689528.468899491,18:58:14,19,T
1675105094.5822258,363,68294,0,GPS1_Frame,42.338966666666664,-71.09029666666666,0.0,0.0,327804.7622785509,4689528.468899491,18:58:14,19,T
1675105095.2851782,364,68295,0,GPS1_Frame,42.33898,-71.09030166666666,41.29999923706055,0.8999999761581421,327804.3867655901,4689529.959590843,18:58:15,19,T
1675105095.5806966,365,68295,0,GPS1_Frame,42.33898,-71.09030166666666,0.0,0.0,327804.3867655901,4689529.959590843,18:58:15,19,T
1675105096.285733,366,68296,0,GPS1_Frame,42.338995,-71.09031,42.20000076293945,0.8999999761581421,327803.74119639036,4689531.642103473,18:58:16,19,T
1675105097.0028303,367,68296,0,GPS1_Frame,42.338995,-71.09031,0.0,0.0,327803.74119639036,4689531.642103473,18:58:16,19,T
1675105097.2850716,368,68297,0,GPS1_Frame,42.33900833333333,-71.090315,42.79999923706055,0.8999999761581421,327803.3656838668,4689533.132794901,18:58:17,19,T
1675105097.580502,369,68297,0,GPS1_Frame,42.33900833333333,-71.090315,0.0,0.0,327803.3656838668,4689533.132794901,18:58:17,19,T
1675105098.2861094,370,68298,0,GPS1_Frame,42.33902,-71.09032166666667,43.20000076293945,0.8999999761581421,327802.8483190431,4689534.441790954,18:58:18,19,T
1675105098.581669,371,68298,0,GPS1_Frame,42.33902,-71.09032166666667,0.0,0.0,327802.8483190431,4689534.441790954,18:58:18,19,T
1675105099.2849927,372,68299,0,GPS1_Frame,42.33903,-71.09032833333333,43.5,0.8999999761581421,327802.3264048478,4689535.565716355,18:58:19,19,T
1675105099.5806274,373,68299,0,GPS1_Frame,42.33903,-71.09032833333333,0.0,0.0,327802.3264048478,4689535.565716355,18:58:19,19,T
1675105100.2858193,374,68300,0,GPS1_Frame,42.339038333333335,-71.09033666666667,43.599998474121094,0.8999999761581421,327801.66263834946,4689536.507946426,18:58:20,19,T
1675105100.5815358,375,68300,0,GPS1_Frame,42.339038333333335,-71.09033666666667,0.0,0.0,327801.66263834946,4689536.507946426,18:58:20,19,T
1675105101.2860153,376,68301,0,GPS1_Frame,42.339043333333336,-71.090345,43.099998474121094,0.8999999761581421,327800.9897728012,4689537.080035168,18:58:21,19,T
1675105102.0031502,377,68301,0,GPS1_Frame,42.339043333333336,-71.090345,0.0,0.0,327800.9897728012,4689537.080035168,18:58:21,19,T
1675105102.2864072,378,68302,0,GPS1_Frame,42.339045,-71.090355,42.400001525878906,0.8999999761581421,327800.1705052145,4689537.285357933,18:58:22,19,T
1675105102.5818903,379,68302,0,GPS1_Frame,42.339045,-71.090355,0.0,0.0,327800.1705052145,4689537.285357933,18:58:22,19,T
1675105103.2849877,380,68303,0,GPS1_Frame,42.33905333333333,-71.09036166666667,42.5,0.8999999761581421,327799.6440420281,4689538.224212857,18:58:23,19,T
1675105103.5808847,381,68303,0,GPS1_Frame,42.33905333333333,-71.09036166666667,0.0,0.0,327799.6440420281,4689538.224212857,18:58:23,19,T
1675105104.2864497,382,68304,0,GPS1_Frame,42.339063333333335,-71.09036666666667,42.599998474121094,0.8999999761581421,327799.2594314888,4689539.344763155,18:58:24,19,T
1675105104.5819588,383,68304,0,GPS1_Frame,42.339063333333335,-71.09036666666667,0.0,0.0,327799.2594314888,4689539.344763155,18:58:24,19,T
1675105105.2857668,384,68305,0,GPS1_Frame,42.33906833333333,-71.09037166666667,42.0,0.8999999761581421,327798.86117204354,4689539.910101378,18:58:25,19,T
1675105105.5812106,385,68305,0,GPS1_Frame,42.33906833333333,-71.09037166666667,0.0,0.0,327798.86117204354,4689539.910101378,18:58:25,19,T
1675105106.2858007,386,68306,0,GPS1_Frame,42.33907166666667,-71.09037666666667,41.29999923706055,0.8999999761581421,327798.458362976,4689540.2903689295,18:58:26,19,T
1675105107.0029037,387,68306,0,GPS1_Frame,42.33907166666667,-71.09037666666667,0.0,0.0,327798.458362976,4689540.2903689295,18:58:26,19,T
1675105107.2847648,388,68307,0,GPS1_Frame,42.339076666666664,-71.09038333333334,40.5,0.8999999761581421,327797.922800857,4689540.859082601,18:58:27,19,T
1675105107.5802324,389,68307,0,GPS1_Frame,42.339076666666664,-71.09038333333334,0.0,0.0,327797.922800857,4689540.859082601,18:58:27,19,T
1675105108.2855039,390,68308,0,GPS1_Frame,42.339083333333335,-71.09038833333334,39.79999923706055,0.8999999761581421,327797.52909132815,4689541.60949161,18:58:28,19,T
1675105108.581057,391,68308,0,GPS1_Frame,42.339083333333335,-71.09038833333334,0.0,0.0,327797.52909132815,4689541.60949161,18:58:28,19,T
1675105109.28589,392,68309,0,GPS1_Frame,42.339088333333336,-71.09039333333334,39.0,0.8999999761581421,327797.1308321621,4689542.174829943,18:58:29,19,T
1675105109.5814989,393,68309,0,GPS1_Frame,42.339088333333336,-71.09039333333334,0.0,0.0,327797.1308321621,4689542.174829943,18:58:29,19,T
1675105110.31323,394,68310,0,GPS1_Frame,42.33909666666667,-71.09039833333334,38.5,1.0,327796.7416725429,4689543.110309702,18:58:30,19,T
1675105110.604071,395,68310,0,GPS1_Frame,42.33909666666667,-71.09039833333334,0.0,0.0,327796.7416725429,4689543.110309702,18:58:30,19,T
1675105111.2851872,396,68311,0,GPS1_Frame,42.339103333333334,-71.09040333333333,37.70000076293945,0.8999999761581421,327796.34796328424,4689543.860718786,18:58:31,19,T
1675105112.0025296,397,68311,0,GPS1_Frame,42.339103333333334,-71.09040333333333,0.0,0.0,327796.34796328424,4689543.860718786,18:58:31,19,T
1675105112.2854562,398,68312,0,GPS1_Frame,42.33911,-71.09041,37.099998474121094,0.8999999761581421,327795.8169513877,4689544.614503336,18:58:32,19,T
1675105112.580933,399,68312,0,GPS1_Frame,42.33911,-71.09041,0.0,0.0,327795.8169513877,4689544.614503336,18:58:32,19,T
1675105113.2861638,400,68313,0,GPS1_Frame,42.33911666666667,-71.090415,36.5,0.8999999761581421,327795.42324232234,4689545.364912479,18:58:33,19,T
1675105113.5816727,401,68313,0,GPS1_Frame,42.33911666666667,-71.090415,0.0,0.0,327795.42324232234,4689545.364912479,18:58:33,19,T
1675105114.2864668,402,68314,0,GPS1_Frame,42.339125,-71.09042166666667,36.0,0.8999999761581421,327794.8967804415,4689546.303767811,18:58:34,19,T
1675105114.58185,403,68314,0,GPS1_Frame,42.339125,-71.09042166666667,0.0,0.0,327794.8967804415,4689546.303767811,18:58:34,19,T
1675105115.284491,404,68315,0,GPS1_Frame,42.339133333333336,-71.09042666666667,35.599998474121094,0.8999999761581421,327794.5076213861,4689547.239247715,18:58:35,19,T
1675105115.5802813,405,68315,0,GPS1_Frame,42.339133333333336,-71.09042666666667,0.0,0.0,327794.5076213861,4689547.239247715,18:58:35,19,T
1675105116.3156266,406,68316,0,GPS1_Frame,42.33914,-71.09043166666666,35.099998474121094,0.8999999761581421,327794.1139126262,4689547.989656944,18:58:36,19,T
1675105117.0327396,407,68316,0,GPS1_Frame,42.33914,-71.09043166666666,0.0,0.0,327794.1139126262,4689547.989656944,18:58:36,19,T
1675105117.2860692,408,68317,0,GPS1_Frame,42.339146666666664,-71.090435,34.599998474121094,0.8999999761581421,327793.85750660335,4689548.736690712,18:58:37,19,T
1675105117.5815423,409,68317,0,GPS1_Frame,42.339146666666664,-71.090435,0.0,0.0,327793.85750660335,4689548.736690712,18:58:37,19,T
1675105118.3154223,410,68318,0,GPS1_Frame,42.339153333333336,-71.09043833333334,34.099998474121094,0.8999999761581421,327793.60110063665,4689549.483724494,18:58:38,19,T
1675105118.6112514,411,68318,0,GPS1_Frame,42.339153333333336,-71.09043833333334,0.0,0.0,327793.60110063665,4689549.483724494,18:58:38,19,T
1675105119.315269,412,68319,0,GPS1_Frame,42.33916166666667,-71.09044333333334,33.70000076293945,0.8999999761581421,327793.21194196,4689550.419204486,18:58:39,19,T
1675105119.6107025,413,68319,0,GPS1_Frame,42.33916166666667,-71.09044333333334,0.0,0.0,327793.21194196,4689550.419204486,18:58:39,19,T
1675105120.3154018,414,68320,0,GPS1_Frame,42.33916833333333,-71.09044666666667,33.099998474121094,0.8999999761581421,327792.9555361406,4689551.166238296,18:58:40,19,T
1675105120.6109478,415,68320,0,GPS1_Frame,42.33916833333333,-71.09044666666667,0.0,0.0,327792.9555361406,4689551.166238296,18:58:40,19,T
1675105121.315685,416,68321,0,GPS1_Frame,42.339173333333335,-71.09045,32.5,0.8999999761581421,327792.6945805177,4689551.728201416,18:58:41,19,T
1675105122.0326953,417,68321,0,GPS1_Frame,42.339173333333335,-71.09045,0.0,0.0,327792.6945805177,4689551.728201416,18:58:41,19,T
1675105122.2861645,418,68322,0,GPS1_Frame,42.33918,-71.09045333333333,32.0,0.8999999761581421,327792.4381748113,4689552.47523525,18:58:42,19,T
1675105122.5816395,419,68322,0,GPS1_Frame,42.33918,-71.09045333333333,0.0,0.0,327792.4381748113,4689552.47523525,18:58:42,19,T
1675105123.2848263,420,68323,0,GPS1_Frame,42.33918833333333,-71.09045833333333,31.700000762939453,0.8999999761581421,327792.0490164836,4689553.41071532,18:58:43,19,T
1675105123.5805917,421,68323,0,GPS1_Frame,42.33918833333333,-71.09045833333333,0.0,0.0,327792.0490164836,4689553.41071532,18:58:43,19,T
1675105124.2853122,422,68324,0,GPS1_Frame,42.339196666666666,-71.09046333333333,31.5,0.8999999761581421,327791.6598582684,4689554.346195415,18:58:44,19,T
1675105124.5807981,423,68324,0,GPS1_Frame,42.339196666666666,-71.09046333333333,0.0,0.0,327791.6598582684,4689554.346195415,18:58:44,19,T
1675105125.2858512,424,68325,0,GPS1_Frame,42.33920666666667,-71.09046833333333,31.200000762939453,0.8999999761581421,327791.275250066,4689555.466746241,18:58:45,19,T
1675105125.5812948,425,68325,0,GPS1_Frame,42.33920666666667,-71.09046833333333,0.0,0.0,327791.275250066,4689555.466746241,18:58:45,19,T
1675105126.315012,426,68326,0,GPS1_Frame,42.339215,-71.09047166666667,30.799999237060547,0.8999999761581421,327791.0233945843,4689556.398850845,18:58:46,19,T
1675105127.0322022,427,68326,0,GPS1_Frame,42.339215,-71.09047166666667,0.0,0.0,327791.0233945843,4689556.398850845,18:58:46,19,T
1675105127.2820473,428,68327,0,GPS1_Frame,42.33922333333334,-71.09047666666666,30.5,0.8999999761581421,327790.6342367,4689557.334331011,18:58:47,19,T
1675105127.5731544,429,68327,0,GPS1_Frame,42.33922333333334,-71.09047666666666,0.0,0.0,327790.6342367,4689557.334331011,18:58:47,19,T
1675105128.2849643,430,68328,0,GPS1_Frame,42.33923333333333,-71.09048,30.399999618530273,0.8999999761581421,327790.3869313211,4689558.451506349,18:58:48,19,T
1675105128.5805254,431,68328,0,GPS1_Frame,42.33923333333333,-71.09048,0.0,0.0,327790.3869313211,4689558.451506349,18:58:48,19,T
1675105129.2860188,432,68329,0,GPS1_Frame,42.339243333333336,-71.09048833333334,30.299999237060547,0.8999999761581421,327789.7277187224,4689559.578808401,18:58:49,19,T
1675105129.5815544,433,68329,0,GPS1_Frame,42.339243333333336,-71.09048833333334,0.0,0.0,327789.7277187224,4689559.578808401,18:58:49,19,T
1675105130.3141046,434,68330,0,GPS1_Frame,42.33925166666667,-71.09049833333333,30.700000762939453,0.8999999761581421,327788.9266539631,4689560.524415398,18:58:50,19,T
1675105130.609629,435,68330,0,GPS1_Frame,42.33925166666667,-71.09049833333333,0.0,0.0,327788.9266539631,4689560.524415398,18:58:50,19,T
1675105131.2844858,436,68331,0,GPS1_Frame,42.339261666666665,-71.090505,30.899999618530273,0.8999999761581421,327788.4047442103,4689561.648342004,18:58:51,19,T
1675105132.0020275,437,68331,0,GPS1_Frame,42.339261666666665,-71.090505,0.0,0.0,327788.4047442103,4689561.648342004,18:58:51,19,T
1675105132.3145864,438,68332,0,GPS1_Frame,42.33927,-71.09051166666667,31.100000381469727,0.8999999761581421,327787.8782846343,4689562.587197947,18:58:52,19,T
1675105132.610163,439,68332,0,GPS1_Frame,42.33927,-71.09051166666667,0.0,0.0,327787.8782846343,4689562.587197947,18:58:52,19,T
1675105133.3152497,440,68333,0,GPS1_Frame,42.33927833333333,-71.09051666666667,31.200000762939453,0.8999999761581421,327787.48912756843,4689563.52267832,18:58:53,19,T
1675105133.6106741,441,68333,0,GPS1_Frame,42.33927833333333,-71.09051666666667,0.0,0.0,327787.48912756843,4689563.52267832,18:58:53,19,T
1675105134.2865794,442,68334,0,GPS1_Frame,42.339288333333336,-71.090525,31.399999618530273,0.8999999761581421,327786.8299159656,4689564.649980678,18:58:54,19,T
1675105134.582303,443,68334,0,GPS1_Frame,42.339288333333336,-71.090525,0.0,0.0,327786.8299159656,4689564.649980678,18:58:54,19,T
1675105135.2861981,444,68335,0,GPS1_Frame,42.3393,-71.09053166666666,31.799999237060547,0.8999999761581421,327786.312556948,4689565.958978172,18:58:55,19,T
1675105135.5817473,445,68335,0,GPS1_Frame,42.3393,-71.09053166666666,0.0,0.0,327786.312556948,4689565.958978172,18:58:55,19,T
1675105136.2859013,446,68336,0,GPS1_Frame,42.33931166666667,-71.09053833333333,32.20000076293945,0.8999999761581421,327785.79519814067,4689567.267975714,18:58:56,19,T
1675105137.003171,447,68336,0,GPS1_Frame,42.33931166666667,-71.09053833333333,0.0,0.0,327785.79519814067,4689567.267975714,18:58:56,19,T
1675105137.2853384,448,68337,0,GPS1_Frame,42.33932166666666,-71.090545,32.79999923706055,0.8999999761581421,327785.27328946395,4689568.391902594,18:58:57,19,T
1675105137.5812662,449,68337,0,GPS1_Frame,42.33932166666666,-71.090545,0.0,0.0,327785.27328946395,4689568.391902594,18:58:57,19,T
1675105138.3154156,450,68338,0,GPS1_Frame,42.339331666666666,-71.09055166666667,33.400001525878906,0.8999999761581421,327784.7513809666,4689569.5158295175,18:58:58,19,T
1675105138.6109252,451,68338,0,GPS1_Frame,42.339331666666666,-71.09055166666667,0.0,0.0,327784.7513809666,4689569.5158295175,18:58:58,19,T
1675105139.2844002,452,68339,0,GPS1_Frame,42.339345,-71.09055833333333,34.29999923706055,0.8999999761581421,327784.2385728718,4689571.009897907,18:58:59,19,T
1675105139.5801032,453,68339,0,GPS1_Frame,42.339345,-71.09055833333333,0.0,0.0,327784.2385728718,4689571.009897907,18:58:59,19,T
1675105140.2857516,454,68340,0,GPS1_Frame,42.339355,-71.090565,34.79999923706055,0.8999999761581421,327783.7166647661,4689572.133824923,18:59:0,19,T
1675105140.5814152,455,68340,0,GPS1_Frame,42.339355,-71.090565,0.0,0.0,327783.7166647661,4689572.133824923,18:59:0,19,T
1675105141.2854974,456,68341,0,GPS1_Frame,42.33936666666666,-71.09057333333334,35.5,0.8999999761581421,327783.06200480973,4689573.446198404,18:59:1,19,T
1675105142.002653,457,68341,0,GPS1_Frame,42.33936666666666,-71.09057333333334,0.0,0.0,327783.06200480973,4689573.446198404,18:59:1,19,T
1675105142.2858682,458,68342,0,GPS1_Frame,42.339378333333336,-71.09058166666667,36.099998474121094,0.8999999761581421,327782.4073451186,4689574.758571954,18:59:2,19,T
1675105142.5812154,459,68342,0,GPS1_Frame,42.339378333333336,-71.09058166666667,0.0,0.0,327782.4073451186,4689574.758571954,18:59:2,19,T
1675105143.2847352,460,68343,0,GPS1_Frame,42.33939,-71.09058833333333,36.5,0.8999999761581421,327781.88998780306,4689576.0675698435,18:59:3,19,T
1675105143.5802917,461,68343,0,GPS1_Frame,42.33939,-71.09058833333333,0.0,0.0,327781.88998780306,4689576.0675698435,18:59:3,19,T
1675105144.2848935,462,68344,0,GPS1_Frame,42.33940333333334,-71.090595,37.099998474121094,0.8999999761581421,327781.37718089344,4689577.561638488,18:59:4,19,T
1675105144.5804245,463,68344,0,GPS1_Frame,42.33940333333334,-71.090595,0.0,0.0,327781.37718089344,4689577.561638488,18:59:4,19,T
1675105145.2849894,464,68345,0,GPS1_Frame,42.339418333333334,-71.0906,37.70000076293945,0.8999999761581421,327781.00622649386,4689579.237402138,18:59:5,19,T
1675105145.580619,465,68345,0,GPS1_Frame,42.339418333333334,-71.0906,0.0,0.0,327781.00622649386,4689579.237402138,18:59:5,19,T
1675105146.2860103,466,68346,0,GPS1_Frame,42.33943333333333,-71.09060166666667,37.70000076293945,0.8999999761581421,327780.90987634694,4689580.906414304,18:59:6,19,T
1675105147.0034158,467,68346,0,GPS1_Frame,42.33943333333333,-71.09060166666667,0.0,0.0,327780.90987634694,4689580.906414304,18:59:6,19,T
1675105147.2831178,468,68347,0,GPS1_Frame,42.33944833333334,-71.09060166666667,38.099998474121094,0.8999999761581421,327780.9508282689,4689582.572050718,18:59:7,19,T
1675105147.578655,469,68347,0,GPS1_Frame,42.33944833333334,-71.09060166666667,0.0,0.0,327780.9508282689,4689582.572050718,18:59:7,19,T
1675105148.2845278,470,68348,0,GPS1_Frame,42.339468333333336,-71.090595,37.0,0.8999999761581421,327781.5546386383,4689584.779396274,18:59:8,19,T
1675105148.5801165,471,68348,0,GPS1_Frame,42.339468333333336,-71.090595,0.0,0.0,327781.5546386383,4689584.779396274,18:59:8,19,T
1675105149.284636,472,68349,0,GPS1_Frame,42.339483333333334,-71.090595,37.900001525878906,0.8999999761581421,327781.5955904571,4689586.445032696,18:59:9,19,T
1675105149.580054,473,68349,0,GPS1_Frame,42.339483333333334,-71.090595,0.0,0.0,327781.5955904571,4689586.445032696,18:59:9,19,T
1675105150.283984,474,68350,0,GPS1_Frame,42.33949666666667,-71.09059166666667,38.400001525878906,0.8999999761581421,327781.9065958545,4689587.918846922,18:59:10,19,T
1675105150.5795193,475,68350,0,GPS1_Frame,42.33949666666667,-71.09059166666667,0.0,0.0,327781.9065958545,4689587.918846922,18:59:10,19,T
1675105151.2843513,476,68351,0,GPS1_Frame,42.339505,-71.09058833333333,39.0,0.8999999761581421,327782.2039505739,4689588.837449021,18:59:11,19,T
1675105152.002024,477,68351,0,GPS1_Frame,42.339505,-71.09058833333333,0.0,0.0,327782.2039505739,4689588.837449021,18:59:11,19,T
1675105152.2840881,478,68352,0,GPS1_Frame,42.33951,-71.09058333333333,39.0,0.8999999761581421,327782.6295067125,4689589.38253397,18:59:12,19,T
1675105152.57953,479,68352,0,GPS1_Frame,42.33951,-71.09058333333333,0.0,0.0,327782.6295067125,4689589.38253397,18:59:12,19,T
1675105153.2844152,480,68353,0,GPS1_Frame,42.33951833333333,-71.09057666666666,37.900001525878906,0.8999999761581421,327783.2014649648,4689590.294384658,18:59:13,19,T
1675105153.5802655,481,68353,0,GPS1_Frame,42.33951833333333,-71.09057666666666,0.0,0.0,327783.2014649648,4689590.294384658,18:59:13,19,T
